date,Close,High,Low,Open,Volume,ticker,close_next,ret_next,ret,ret_lag_1,ret_lag_2,ret_lag_3,ret_lag_5,ret_lag_10,ret_lag_20,ret_roll_5_mean,ret_roll_20_std
2008-02-01,4.015191555023193,4.100448250625033,3.968059684906528,4.089941367927902,1010744000.0,AAPL,3.952149391174317,-0.015825475522859064,-0.011965347227853584,0.02377314894926763,0.004853965037277863,0.011699518182019197,-0.04209768771065092,0.007798935469776502,0.0004617205435555327,0.005672256988142221,0.03894423199383849
2008-02-04,3.952149391174317,4.079734224344813,3.9452442041719,4.0290002586847296,899234000.0,AAPL,3.883402109146118,-0.0175479788851707,-0.015825475522859067,-0.011965347227853584,0.02377314894926763,0.004853965037277863,0.0,0.0029177148697281385,-0.079406069154349,0.0025071618835704077,0.03624063226107805
2008-02-05,3.883402109146118,4.022695429048262,3.869592539718882,3.915523566842413,1141042000.0,AAPL,3.662454128265381,-0.058578152137447825,-0.01754797888517068,-0.015825475522859067,-0.011965347227853584,0.02377314894926763,0.011699518182019197,-0.03609207463599451,-0.013475493243143566,-0.0033423375298675673,0.03623918650646741
2008-02-06,3.662454128265381,3.960254075501819,3.655549744515495,3.927531801651787,1573272400.0,AAPL,3.6396384239196777,-0.006249106932361446,-0.05857815213744777,-0.01754797888517068,-0.015825475522859067,-0.011965347227853584,0.004853965037277863,-0.11256862008908963,-0.036634405432608874,-0.016028760964812695,0.03722023398614152
2008-02-07,3.6396384239196777,3.7459100518832247,3.520458252765172,3.601513210346927,2083331600.0,AAPL,3.766925811767578,0.03437489164122365,-0.006249106932361359,-0.05857815213744777,-0.01754797888517068,-0.015825475522859067,0.02377314894926763,-0.025268389126979596,0.046493070579268325,-0.022033212141138493,0.034237117009715115
2008-02-08,3.766925811767578,3.773529989763549,3.650447062306207,3.664857052432512,1355972800.0,AAPL,3.886103868484497,0.03114784522474376,0.03437489164122365,-0.006249106932361359,-0.05857815213744777,-0.01754797888517068,-0.011965347227853584,-0.04209768771065092,-0.0077220206989569995,-0.012765164367323046,0.0362406932043408
2008-02-11,3.886103868484497,3.902014895307562,3.8185590605588864,3.8428755120615614,1201432400.0,AAPL,3.74831223487854,-0.03610141152161197,0.031147845224743564,0.03437489164122365,-0.006249106932361359,-0.05857815213744777,-0.015825475522859067,0.0,-0.03039769804507375,-0.003370500217802519,0.037671497418565264
2008-02-12,3.74831223487854,3.932635162697741,3.7110868385282174,3.923629322260644,1225980000.0,AAPL,3.8846025466918954,0.03571500603128248,-0.03610141152161184,0.031147845224743564,0.03437489164122365,-0.006249106932361359,-0.01754797888517068,0.011699518182019197,0.03465822823370268,-0.007081186745090751,0.036111049095427165
2008-02-13,3.8846025466918954,3.896010048723386,3.7714265470388098,3.8029475822189744,968534000.0,AAPL,3.8263652324676514,-0.015105346884922738,0.035715006031282304,-0.03610141152161184,0.031147845224743564,0.03437489164122365,-0.05857815213744777,0.004853965037277863,-0.056020737956242295,0.011777444888655264,0.03683933015608206
2008-02-14,3.8263652324676514,3.9266327381806496,3.8128554665666425,3.884604403971666,954097200.0,AAPL,3.741406202316284,-0.02245379643332458,-0.01510534688492271,0.035715006031282304,-0.03610141152161184,0.031147845224743564,-0.006249106932361359,0.02377314894926763,-0.057213948965295414,0.010006196898142994,0.035375373351930035
2008-02-15,3.741406202316284,3.8149555605012377,3.724295147606643,3.790639914463078,901300400.0,AAPL,3.6678566932678223,-0.019854046500252825,-0.022453796433324458,-0.01510534688492271,0.035715006031282304,-0.03610141152161184,0.03437489164122365,-0.011965347227853584,0.007798935469776502,-0.0013595407167666274,0.03516387708868631
2008-02-19,3.6678566932678223,3.805048925621788,3.645642105800072,3.78223352142096,1005046000.0,AAPL,3.717090368270874,0.013333718988258981,-0.01985404650025302,-0.022453796433324458,-0.01510534688492271,0.035715006031282304,0.031147845224743564,-0.015825475522859067,0.0029177148697281385,-0.011559919061765945,0.03499750653436775
2008-02-20,3.717090368270874,3.740505789918924,3.652847060704724,3.668457876219074,967439200.0,AAPL,3.648643493652344,-0.018585750229720033,0.013333718988258969,-0.01985404650025302,-0.022453796433324458,-0.01510534688492271,-0.03610141152161184,-0.01754797888517068,-0.03609207463599451,-0.001672892959791783,0.03509343371370992
2008-02-21,3.648643493652344,3.796643200789689,3.6282305563881656,3.784034868257747,938114800.0,AAPL,3.5862038135528564,-0.017261243470215386,-0.018585750229719977,0.013333718988258969,-0.01985404650025302,-0.022453796433324458,0.035715006031282304,-0.05857815213744777,-0.11256862008908963,-0.01253304421199224,0.025936237697764885
2008-02-22,3.5862038135528564,3.6777648693922056,3.4784311212349106,3.676864646000337,1529878000.0,AAPL,3.59460973739624,0.002341218755607921,-0.017261243470215515,-0.018585750229719977,0.013333718988258969,-0.01985404650025302,-0.01510534688492271,-0.006249106932361359,-0.025268389126979596,-0.0129642235290508,0.02569580879503895
2008-02-25,3.59460973739624,3.607518283855944,3.502147654022034,3.5600858086467344,1256774400.0,AAPL,3.576897382736206,-0.0049396564428473965,0.002341218755607999,-0.017261243470215515,-0.018585750229719977,0.013333718988258969,-0.022453796433324458,0.03437489164122365,-0.04209768771065092,-0.00800522049126431,0.02432553825397528
2008-02-26,3.576897382736206,3.635136953125824,3.465522982146381,3.531567562406319,1504888000.0,AAPL,3.69127368927002,0.031475799952851456,-0.00493965644284744,0.002341218755607999,-0.017261243470215515,-0.018585750229719977,-0.01985404650025302,0.031147845224743564,0.0,-0.005022342479783193,0.024306634351784703
2008-02-27,3.69127368927002,3.693975160671779,3.545075588209344,3.549278099729737,1475138000.0,AAPL,3.899913311004639,0.05498275320326338,0.031475799952851435,-0.00493965644284744,0.002341218755607999,-0.017261243470215515,0.013333718988258969,-0.03610141152161184,0.011699518182019197,-0.0013939262868646995,0.02537324921319667
2008-02-28,3.899913311004639,3.968659342634691,3.775629999485576,3.8185585428469055,1618254400.0,AAPL,3.753115177154541,-0.03836811590266024,0.0549827532032634,0.031475799952851435,-0.00493965644284744,0.002341218755607999,-0.018585750229719977,0.035715006031282304,0.004853965037277863,0.013319774399731976,0.028510624452246572
2008-02-29,3.753115177154541,3.908919143241188,3.746510600213301,3.881300804928706,1255480800.0,AAPL,3.654348134994507,-0.02666848058138334,-0.038368115902660316,0.0549827532032634,0.031475799952851435,-0.00493965644284744,-0.017261243470215515,-0.01510534688492271,0.02377314894926763,0.009098399913243016,0.029064795506557953
2008-03-03,3.654348134994507,3.78193412735363,3.5423733591081525,3.735702897980986,1593043200.0,AAPL,3.7411067485809326,0.02346376127361686,-0.02666848058138327,-0.038368115902660316,0.0549827532032634,0.031475799952851435,0.002341218755607999,-0.022453796433324458,-0.011965347227853584,0.003296460045844762,0.02946083606389029
2008-03-04,3.7411067485809326,3.748912157470351,3.614422164639348,3.6621540396430983,1785383600.0,AAPL,3.737204790115357,-0.0010435400556609619,0.023463761273616823,-0.02666848058138327,-0.038368115902660316,0.0549827532032634,-0.00493965644284744,-0.01985404650025302,-0.015825475522859067,0.008977143589137615,0.029985762257152295
2008-03-05,3.737204790115357,3.756718316233975,3.6699597802771566,3.7098862543611664,1221836000.0,AAPL,3.630333662033081,-0.029013387706923997,-0.0010435400556609853,0.023463761273616823,-0.02666848058138327,-0.038368115902660316,0.031475799952851435,0.013333718988258969,-0.01754797888517068,0.002473275587435131,0.029783325979745093
2008-03-06,3.630333662033081,3.827565155575054,3.626730764342769,3.740807026477913,1473698800.0,AAPL,3.669959306716919,0.01085601194895672,-0.029013387706924076,-0.0010435400556609853,0.023463761273616823,-0.02666848058138327,0.0549827532032634,-0.018585750229719977,-0.05857815213744777,-0.014325952594602365,0.027466733384738394
2008-03-07,3.669959306716919,3.6918740939489054,3.573895534673388,3.61472222695977,1230462800.0,AAPL,3.5931079387664795,-0.02116302483229404,0.01085601194895669,-0.029013387706924076,-0.0010435400556609853,0.023463761273616823,-0.038368115902660316,-0.017261243470215515,-0.006249106932361359,-0.004481127024278964,0.02754254844692217
2008-03-10,3.5931079387664795,3.7062839673199406,3.583501281287492,3.661854378915054,999588800.0,AAPL,3.823061943054199,0.06203410823288797,-0.021163024832294042,0.01085601194895669,-0.029013387706924076,-0.0010435400556609853,-0.02666848058138327,0.002341218755607999,0.03437489164122365,-0.003380035874461118,0.02672603747236407
2008-03-11,3.823061943054199,3.826964647912543,3.662454635848433,3.725497127278471,1163943200.0,AAPL,3.783434629440308,-0.01041942811528685,0.06203410823288791,-0.021163024832294042,0.01085601194895669,-0.029013387706924076,0.023463761273616823,-0.00493965644284744,0.031147845224743564,0.004334033517393099,0.029511457785459633
2008-03-12,3.783434629440308,3.8629881500115646,3.757617541824688,3.813755638895596,1059629200.0,AAPL,3.8407740592956543,0.015041695024828987,-0.010419428115286733,0.06203410823288791,-0.021163024832294042,0.01085601194895669,-0.0010435400556609853,0.031475799952851435,-0.03610141152161184,0.002458855905467949,0.02843448147171382
2008-03-13,3.8407740592956543,3.887605313213574,3.692474487337845,3.725496972416229,1262102800.0,AAPL,3.800847291946411,-0.01044991078438847,0.015041695024828883,-0.010419428115286733,0.06203410823288791,-0.021163024832294042,-0.029013387706924076,0.0549827532032634,0.035715006031282304,0.011269872451818541,0.027444180409698832
2008-03-14,3.800847291946411,3.911620848506444,3.7284979583502142,3.8990121112482257,1156640800.0,AAPL,3.804448366165161,0.0009469913201933314,-0.010449910784388505,0.015041695024828883,-0.010419428115286733,0.06203410823288791,0.01085601194895669,-0.038368115902660316,-0.01510534688492271,0.007008687905149502,0.02733390569692376
2008-03-17,3.804448366165161,3.8602862490063625,3.6789650374157112,3.6789650374157112,1072598800.0,AAPL,3.98727035522461,0.04693587052337247,0.00094699132019338,-0.010449910784388505,0.015041695024828883,-0.010419428115286733,-0.021163024832294042,-0.02666848058138327,-0.022453796433324458,0.011430691135646986,0.026833509871392783
2008-03-18,3.98727035522461,3.992674499338509,3.862687257806287,3.877997463017498,1205120000.0,AAPL,3.892708539962769,-0.02400167718153529,0.04693587052337245,0.00094699132019338,-0.010449910784388505,0.015041695024828883,0.06203410823288791,0.023463761273616823,-0.01985404650025302,0.008411043593743894,0.028242235521860573
2008-03-19,3.892708539962769,4.031401457436849,3.892708539962769,3.996278316789352,1010536800.0,AAPL,4.0007829666137695,0.027384885513684475,-0.02400167718153523,0.04693587052337245,0.00094699132019338,-0.010449910784388505,-0.010419428115286733,-0.0010435400556609853,0.013333718988258969,0.005694593780494195,0.028832727765836827
2008-03-20,4.0007829666137695,4.001382982152316,3.878000227802613,3.936239411367917,908787600.0,AAPL,4.188704967498779,0.04590152557221551,0.027384885513684232,-0.02400167718153523,0.04693587052337245,0.00094699132019338,0.015041695024828883,-0.029013387706924076,-0.018585750229719977,0.008163231878265264,0.028911676455489067
2008-03-24,4.188704967498779,4.228331611831395,4.011886909244843,4.022993800806159,1066920400.0,AAPL,4.232235431671143,0.010338715120239083,0.045901525572215496,0.027384885513684232,-0.02400167718153523,0.04693587052337245,-0.010449910784388505,0.01085601194895669,-0.017261243470215515,0.019433519149586066,0.029832330208855666
2008-03-25,4.232235431671143,4.295877925087519,4.122662316211258,4.201614616163718,1052391200.0,AAPL,4.354718208312988,0.028529578575869036,0.010338715120238984,0.045901525572215496,0.027384885513684232,-0.02400167718153523,0.00094699132019338,-0.021163024832294042,0.002341218755607999,0.021311863909595184,0.029809395619516416
2008-03-26,4.354718208312988,4.375131955075346,4.222029455575393,4.228933839972488,1182084400.0,AAPL,4.210323333740234,-0.03372045677806616,0.02852957857586902,0.010338715120238984,0.045901525572215496,0.027384885513684232,0.04693587052337245,0.06203410823288791,-0.00493965644284744,0.0176306055200945,0.029974017621131516
2008-03-27,4.210323333740234,4.362225058445209,4.202517921423375,4.351417965279992,999829600.0,AAPL,4.293176651000977,0.019487490901400405,-0.03372045677806623,0.02852957857586902,0.010338715120238984,0.045901525572215496,-0.02400167718153523,-0.010419428115286733,0.031475799952851435,0.0156868496007883,0.03102379139969556
2008-03-28,4.293176651000977,4.342409162527763,4.250848523051438,4.256852683389715,714610400.0,AAPL,4.307887077331543,0.0034206096219171664,0.01948749090140045,-0.03372045677806623,0.02852957857586902,0.010338715120238984,0.027384885513684232,0.015041695024828883,0.0549827532032634,0.014107370678331543,0.02906227805944133
2008-03-31,4.307887077331543,4.374231856403108,4.27846748896565,4.300982692737662,768065200.0,AAPL,4.488907337188721,0.041161770760194484,0.003420609621917148,0.01948749090140045,-0.03372045677806623,0.02852957857586902,0.045901525572215496,-0.010449910784388505,-0.038368115902660316,0.005611187488271874,0.027240162189099262
2008-04-01,4.488907337188721,4.492810041294622,4.311189006107254,4.391942555428038,1032567200.0,AAPL,4.4276652336120605,-0.01373690756909967,0.04116177076019456,0.003420609621917148,0.01948749090140045,-0.03372045677806623,0.010338715120238984,0.00094699132019338,-0.02666848058138327,0.011775798616262989,0.027063688756918766
2008-04-02,4.4276652336120605,4.539039967738293,4.378432737679771,4.4663908530922125,1044968400.0,AAPL,4.551350116729736,0.027551508076016234,-0.013736907569099843,0.04116177076019456,0.003420609621917148,0.01948749090140045,0.02852957857586902,0.04693587052337245,0.023463761273616823,0.0033225013872692165,0.027386673910966476
2008-04-03,4.551350116729736,4.611990941483525,4.412957409688437,4.414758658020792,1051568000.0,AAPL,4.595479488372803,0.009649182491169452,0.02755150807601625,-0.013736907569099843,0.04116177076019456,0.003420609621917148,-0.03372045677806623,-0.02400167718153523,-0.0010435400556609853,0.015576894358085713,0.027611859042389955
2008-04-04,4.595479488372803,4.644411793779492,4.525532620967533,4.568761374643537,854417200.0,AAPL,4.679837226867676,0.018190228350576525,0.009649182491169528,0.02755150807601625,-0.013736907569099843,0.04116177076019456,0.01948749090140045,0.027384885513684232,-0.029013387706924076,0.013609232676039529,0.02605710910915952
2008-04-07,4.679837226867676,4.7939135033952365,4.656421395015243,4.687041419909829,1158326400.0,AAPL,4.5882744789123535,-0.019759305868189764,0.018190228350576376,0.009649182491169528,0.02755150807601625,-0.013736907569099843,0.003420609621917148,0.045901525572215496,0.01085601194895669,0.016563156421771374,0.026094892183387477
2008-04-08,4.5882744789123535,4.696647582231165,4.572664461744716,4.609589651535343,1014294400.0,AAPL,4.546245574951172,-0.009202278894496683,-0.019759305868189747,0.018190228350576376,0.009649182491169528,0.02755150807601625,0.04116177076019456,0.010338715120238984,-0.021163024832294042,0.004378941096094513,0.02600228795895134
2008-04-09,4.546245574951172,4.619794935503066,4.516825991055121,4.602383672227257,873398400.0,AAPL,4.639609336853027,0.020328424071671496,-0.00920227889449654,-0.019759305868189747,0.018190228350576376,0.009649182491169528,-0.013736907569099843,0.02852957857586902,0.06203410823288791,0.0052858668310151735,0.023587032702397828
2008-04-10,4.639609336853027,4.665726636363173,4.521029558415354,4.536940585542843,955763200.0,AAPL,4.417161464691162,-0.04913288081919792,0.020328424071671236,-0.00920227889449654,-0.019759305868189747,0.018190228350576376,0.02755150807601625,-0.03372045677806623,-0.010419428115286733,0.0038412500301461703,0.023277859527045516
2008-04-11,4.417161464691162,4.60208526570198,4.394946062847478,4.584673995610514,1210076000.0,AAPL,4.436373233795166,0.00433991618320472,-0.04913288081919798,0.020328424071671236,-0.00920227889449654,-0.019759305868189747,0.009649182491169528,0.01948749090140045,0.015041695024828883,-0.00791516263192733,0.02674079560093803
2008-04-14,4.436373233795166,4.48050302026734,4.339108620817847,4.406053419919961,845087600.0,AAPL,4.454385757446289,0.004051970886557152,0.00433991618320495,-0.04913288081919798,0.020328424071671236,-0.00920227889449654,0.018190228350576376,0.003420609621917148,-0.010449910784388505,-0.010685225065401616,0.026435854631199015
2008-04-15,4.454385757446289,4.49461283919838,4.374532410923758,4.485005779669905,698037200.0,AAPL,4.614091396331787,0.035225793736058976,0.004051970886557177,0.00433991618320495,-0.04913288081919798,0.020328424071671236,-0.019759305868189747,0.04116177076019456,0.00094699132019338,-0.005922969714452231,0.02640301651685833
2008-04-16,4.614091396331787,4.626098914317472,4.521629339399963,4.554651015889935,795774000.0,AAPL,4.637808322906494,0.005126942410839809,0.03522579373605894,0.004051970886557177,0.00433991618320495,-0.04913288081919798,-0.00920227889449654,-0.013736907569099843,0.04693587052337245,0.0029626448116588655,0.0256093936690535
2008-04-17,4.637808322906494,4.683138940484363,4.603585804885228,4.628201664532653,704267200.0,AAPL,4.834441661834717,0.04152373336884904,0.005126942410839774,0.03522579373605894,0.004051970886557177,0.00433991618320495,0.020328424071671236,0.02755150807601625,-0.02400167718153523,-7.765152050742685e-05,0.024541543323956798
2008-04-18,4.834441661834717,4.871065852467979,4.754587899866294,4.776802500595792,1026765600.0,AAPL,5.048184871673584,0.043263103508408514,0.04152373336884896,0.005126942410839774,0.03522579373605894,0.004051970886557177,-0.04913288081919798,0.009649182491169528,0.027384885513684232,0.01805367131710196,0.025298356114786848
2008-04-21,5.048184871673584,5.058391949695436,4.8560564480648925,4.8695650144110205,1039152800.0,AAPL,4.809225082397461,-0.048492781716465566,0.04326310350840834,0.04152373336884896,0.005126942410839774,0.03522579373605894,0.00433991618320495,0.018190228350576376,0.045901525572215496,0.02583830878214264,0.025104483257913753
2008-04-22,4.809225082397461,5.043381844675585,4.745881959868511,5.025369354395137,1439572400.0,AAPL,4.889975547790527,0.01665133741433697,-0.04849278171646554,0.04326310350840834,0.04152373336884896,0.005126942410839774,0.004051970886557177,-0.019759305868189747,0.010338715120238984,0.015329358261538095,0.02823219917112678
2008-04-23,4.889975547790527,4.948514896523678,4.8356391104233,4.924799269725059,1504190800.0,AAPL,5.071598052978516,0.036468662742386616,0.01665133741433711,-0.04849278171646554,0.04326310350840834,0.04152373336884896,0.03522579373605894,-0.00920227889449654,0.02852957857586902,0.011614466997193729,0.027864494014457824
2008-04-24,5.071598052978516,5.102819288705024,4.778902425044339,4.96352636376342,1696066400.0,AAPL,5.095315933227539,0.004665707471717643,0.03646866274238647,0.01665133741433711,-0.04849278171646554,0.04326310350840834,0.005126942410839774,0.020328424071671236,-0.03372045677806623,0.01788281106350307,0.027033171459986113
2008-04-25,5.095315933227539,5.136442840385245,4.995948653671139,5.124435317803108,992474000.0,AAPL,5.170665740966797,0.014679777006563779,0.004665707471717573,0.03646866274238647,0.01665133741433711,-0.04849278171646554,0.04152373336884896,-0.04913288081919798,0.01948749090140045,0.01051120588407679,0.02694237023195187
2008-04-28,5.170665740966797,5.215995554378004,5.07730263838101,5.095915137124334,787214400.0,AAPL,5.255021095275879,0.016182568402365878,0.014679777006563866,0.004665707471717573,0.03646866274238647,0.01665133741433711,0.04326310350840834,0.00433991618320495,0.003420609621917148,0.004794540583707896,0.02694685626633771
2008-04-29,5.255021095275879,5.273332580485167,5.110924063755353,5.13674114963069,923476400.0,AAPL,5.22199821472168,-0.006303890244952464,0.01618256840236576,0.014679777006563866,0.004665707471717573,0.03646866274238647,-0.04849278171646554,0.004051970886557177,0.04116177076019456,0.017729610607474154,0.02594419050734492
2008-04-30,5.22199821472168,5.403619628284955,5.191077194514076,5.289243196992571,1139524400.0,AAPL,5.403620719909668,0.03418910416951251,-0.00630389024495237,0.01618256840236576,0.014679777006563866,0.004665707471717573,0.01665133741433711,0.03522579373605894,-0.013736907569099843,0.01313856507561626,0.025670039640192245
2008-05-01,5.403620719909668,5.403620719909668,5.249317398917616,5.25231907842291,903576800.0,AAPL,5.431840419769287,0.0052087794509348365,0.034189104169512374,-0.00630389024495237,0.01618256840236576,0.014679777006563866,0.03646866274238647,0.005126942410839774,0.02755150807601625,0.01268265336104144,0.025973821508329987
2008-05-02,5.431840419769287,5.461260008208674,5.360092697042027,5.409325215941029,1006082000.0,AAPL,5.545615196228027,0.02072954874596329,0.005208779450935008,0.034189104169512374,-0.00630389024495237,0.01618256840236576,0.004665707471717573,0.04152373336884896,0.009649182491169528,0.012791267756884928,0.025983197921732343
2008-05-05,5.545615196228027,5.56302685900671,5.435141059697165,5.461258754271059,854557200.0,AAPL,5.603555679321289,0.010393778219259343,0.02072954874596311,0.005208779450935008,0.034189104169512374,-0.00630389024495237,0.014679777006563866,0.04326310350840834,0.018190228350576376,0.014001222104764777,0.026039902177325318
2008-05-06,5.603555679321289,5.617364448187384,5.469065677567978,5.543514870119985,918870400.0,AAPL,5.481372356414795,-0.022045839375929587,0.010393778219259353,0.02072954874596311,0.005208779450935008,0.034189104169512374,0.01618256840236576,-0.04849278171646554,-0.019759305868189747,0.012843464068143495,0.02517701795163686
2008-05-07,5.481372356414795,5.649785848345814,5.4198313158523215,5.585242326785734,1157133600.0,AAPL,5.555521965026856,0.013436882168216766,-0.02204583937592952,0.010393778219259353,0.02072954874596311,0.005208779450935008,-0.00630389024495237,0.01665133741433711,-0.00920227889449654,0.009695074241948065,0.025847315851082745
2008-05-08,5.555521965026856,5.598750712835786,5.4957817778885705,5.516795535411556,899085600.0,AAPL,5.507189750671387,-0.00873791582310355,0.013436882168216702,-0.02204583937592952,0.010393778219259353,0.02072954874596311,0.034189104169512374,0.03646866274238647,0.020328424071671236,0.005544629841688931,0.02573900397471267
2008-05-09,5.507189750671387,5.531205588374407,5.444747690857711,5.498484119727269,673072400.0,AAPL,5.648585319519043,0.025350661925348666,-0.008737915823103348,0.013436882168216702,-0.02204583937592952,0.010393778219259353,0.005208779450935008,0.004665707471717573,-0.04913288081919798,0.0027552907868812595,0.02229041461488119
2008-05-12,5.648585319519043,5.669899690683378,5.489178449088268,5.560026347869325,818563200.0,AAPL,5.7026214599609375,0.009520846492073836,0.025350661925348517,-0.008737915823103348,0.013436882168216702,-0.02204583937592952,0.02072954874596311,0.014679777006563866,0.00433991618320495,0.00367951342275834,0.022453144927683848
2008-05-13,5.7026214599609375,5.747351253885071,5.639579377063832,5.662093776822846,823236400.0,AAPL,5.591546058654785,-0.019670149657849866,0.009520846492073964,0.025350661925348517,-0.008737915823103348,0.013436882168216702,0.010393778219259353,0.01618256840236576,0.004051970886557177,0.003504927077321263,0.02238344401402331
2008-05-14,5.591546058654785,5.771066024402166,5.570832108542314,5.740745819600345,916823600.0,AAPL,5.695715427398682,0.018458388069198663,-0.019670149657849745,0.009520846492073964,0.025350661925348517,-0.008737915823103348,-0.02204583937592952,-0.00630389024495237,0.03522579373605894,0.003980065020937218,0.02279296357849279
2008-05-15,5.695715427398682,5.700819363948795,5.529704019214423,5.608057100762676,873208000.0,AAPL,5.632374286651611,-0.01118313898963882,0.01845838806919864,-0.019670149657849745,0.009520846492073964,0.025350661925348517,0.013436882168216702,0.034189104169512374,0.005126942410839774,0.004984366201133605,0.02284991445984852
2008-05-16,5.632374286651611,5.712828840387089,5.613761788647763,5.7071244867124165,765769200.0,AAPL,5.511695384979248,-0.02165880558354905,-0.011183138989638852,0.01845838806919864,-0.019670149657849745,0.009520846492073964,-0.008737915823103348,0.005208779450935008,0.04152373336884896,0.004495321567826505,0.022082590084494327
2008-05-19,5.511695384979248,5.664497715096824,5.442648717851712,5.639581242052171,945820400.0,AAPL,5.5807390213012695,0.012448940506127864,-0.021658805583549157,-0.011183138989638852,0.01845838806919864,-0.019670149657849745,0.025350661925348517,0.02072954874596311,0.04326310350840834,-0.00490657193395303,0.02132902922732383
2008-05-20,5.5807390213012695,5.588543627341347,5.407222412086592,5.458256166639743,969850000.0,AAPL,5.349283695220947,-0.042358545516820695,0.012448940506127881,-0.021658805583549157,-0.011183138989638852,0.01845838806919864,0.009520846492073964,0.010393778219259353,-0.04849278171646554,-0.004320953131142247,0.01735999679947961
2008-05-21,5.349283695220947,5.642279867008354,5.291044550111221,5.573833650679422,1157657200.0,AAPL,5.315060615539551,-0.006418246854353128,-0.04235854551682072,0.012448940506127881,-0.021658805583549157,-0.011183138989638852,-0.019670149657849745,-0.02204583937592952,0.01665133741433711,-0.008858632302936442,0.020451317410779272
2008-05-22,5.315060615539551,5.443546428750127,5.1634591879135066,5.3814053788863205,1206735600.0,AAPL,5.438743591308594,0.023003660367111323,-0.006418246854352994,-0.04235854551682072,0.012448940506127881,-0.021658805583549157,0.01845838806919864,0.013436882168216702,0.03646866274238647,-0.013833959287646769,0.019127214351637244
2008-05-23,5.438743591308594,5.463360246079363,5.337575901894825,5.426735271512247,906917200.0,AAPL,5.59665060043335,0.028620235025219348,0.023003660367111323,-0.006418246854352994,-0.04235854551682072,0.012448940506127881,-0.011183138989638852,-0.008737915823103348,0.004665707471717573,-0.006996599416296734,0.01967600457765855
2008-05-27,5.59665060043335,5.59665060043335,5.4588587082579485,5.486176840082765,789905200.0,AAPL,5.61406135559082,0.003106095174644022,0.028620235025219376,0.023003660367111323,-0.006418246854352994,-0.04235854551682072,-0.021658805583549157,0.025350661925348517,0.014679777006563866,0.0030592087054569727,0.020337591010596283
2008-05-28,5.61406135559082,5.6422801049989815,5.515295331850523,5.626068873555278,743979600.0,AAPL,5.60445499420166,-0.0017125907629070732,0.003106095174643997,0.028620235025219376,0.023003660367111323,-0.006418246854352994,0.012448940506127881,0.009520846492073964,0.01618256840236576,0.001190639639160196,0.020133082866124877
2008-05-29,5.60445499420166,5.649785601402858,5.568731043175236,5.606556450239892,647186400.0,AAPL,5.666296005249023,0.010973826260333042,-0.0017125907629071957,0.003106095174643997,0.028620235025219376,0.023003660367111323,-0.04235854551682072,-0.019670149657849745,-0.00630389024495237,0.009319830589942901,0.020043735528776006
2008-05-30,5.666296005249023,5.690012436697604,5.625168712640501,5.627270168591641,610184400.0,AAPL,5.5867438316345215,-0.014139023774797428,0.010973826260333164,-0.0017125907629071957,0.003106095174643997,0.028620235025219376,-0.006418246854352994,0.01845838806919864,0.034189104169512374,0.012798245212880133,0.01880921863829483
2008-06-02,5.5867438316345215,5.693314472957162,5.539611572989262,5.661793432268688,679840000.0,AAPL,5.564828872680664,-0.003930385022211786,-0.014139023774797588,0.010973826260333164,-0.0017125907629071957,0.003106095174643997,0.023003660367111323,-0.011183138989638852,0.005208779450935008,0.005369708384498351,0.019150165893297207
2008-06-03,5.564828872680664,5.649786143125306,5.473868243174677,5.609558667348041,750520400.0,AAPL,5.559426307678223,-0.0009713127467146629,-0.003930385022211658,-0.014139023774797588,0.010973826260333164,-0.0017125907629071957,0.028620235025219376,-0.021658805583549157,0.02072954874596311,-0.001140415624987856,0.01862725314847647
2008-06-04,5.559426307678223,5.616464639740031,5.500587127970453,5.524302764374601,726983600.0,AAPL,5.686709880828857,0.02263693170784494,-0.0009713127467148031,-0.003930385022211658,-0.014139023774797588,0.010973826260333164,0.003106095174643997,0.012448940506127881,0.010393778219259353,-0.001955897209259616,0.018471745149638532
2008-06-05,5.686709880828857,5.699018408830258,5.574735102498355,5.593948013688793,755445600.0,AAPL,5.572936058044434,-0.020209817577992825,0.022636931707845198,-0.0009713127467148031,-0.003930385022211658,-0.014139023774797588,-0.0017125907629071957,-0.04235854551682072,-0.02204583937592952,0.0029140072848908628,0.01841740340783811
2008-06-06,5.572936058044434,5.702322951536667,5.570234585787709,5.643783570818702,966422800.0,AAPL,5.45195198059082,-0.02194832886954141,-0.020209817577993006,0.022636931707845198,-0.0009713127467148031,-0.003930385022211658,0.010973826260333164,-0.006418246854352994,0.013436882168216702,-0.003322721482774371,0.018834230332298158
2008-06-09,5.45195198059082,5.551919232204878,5.276034516173851,5.547416513391701,1888392800.0,AAPL,5.572936058044434,0.021948328869541314,-0.021948328869541234,-0.020209817577993006,0.022636931707845198,-0.0009713127467148031,-0.014139023774797588,0.023003660367111323,-0.008737915823103348,-0.004884582501723101,0.01938613588943927
2008-06-10,5.572936058044434,5.607158581144713,5.374202291559709,5.418932900439593,1140941200.0,AAPL,5.427937984466553,-0.02636271820578921,0.021948328869541234,-0.021948328869541234,-0.020209817577993006,0.022636931707845198,-0.003930385022211658,0.028620235025219376,0.025350661925348517,0.0002911602766274779,0.019160935459685162
2008-06-11,5.427937984466553,5.583742369005304,5.391313801535748,5.533908629884616,961550800.0,AAPL,5.201284408569336,-0.042653720055209586,-0.02636271820578928,0.021948328869541234,-0.021948328869541234,-0.020209817577993006,-0.0009713127467148031,0.003106095174643997,0.009520846492073964,-0.004787120815187418,0.019824586336735704
2008-06-12,5.201284408569336,5.481672649075822,5.139443168076869,5.448349964183329,1308333600.0,AAPL,5.1745686531066895,-0.00514961311466744,-0.04265372005520951,-0.02636271820578928,0.021948328869541234,-0.021948328869541234,0.022636931707845198,-0.0017125907629071957,-0.019670149657849745,-0.017845251167798358,0.021471916617838
2008-06-13,5.1745686531066895,5.228304703413567,4.96262733466179,5.152654262271229,1345957200.0,AAPL,5.3087568283081055,0.025601705260254213,-0.0051496131146673285,-0.04265372005520951,-0.02636271820578928,0.021948328869541234,-0.020209817577993006,0.010973826260333164,0.01845838806919864,-0.014833210275133225,0.02083387420571023
2008-06-16,5.3087568283081055,5.340578077100711,5.075500805962082,5.142445591798025,1051730400.0,AAPL,5.446549892425537,0.025624672073728445,0.02560170526025418,-0.0051496131146673285,-0.04265372005520951,-0.02636271820578928,-0.021948328869541234,-0.014139023774797588,-0.011183138989638852,-0.005323203449174141,0.0218399263803002
2008-06-17,5.446549892425537,5.463361142085772,5.325868663550647,5.346582617784749,899656800.0,AAPL,5.366096019744873,-0.014881715010630072,0.02562467207372854,0.02560170526025418,-0.0051496131146673285,-0.04265372005520951,0.021948328869541234,-0.003930385022211658,-0.021658805583549157,-0.00458793480833668,0.022264192682894188
2008-06-18,5.366096019744873,5.469665387769945,5.324068096947165,5.437243320544777,811468000.0,AAPL,5.430639266967773,0.01195620979557733,-0.014881715010630181,0.02562467207372854,0.02560170526025418,-0.0051496131146673285,-0.02636271820578928,-0.0009713127467148031,0.012448940506127881,-0.0022917341693048598,0.022260227016916965
2008-06-19,5.430639266967773,5.47386882770379,5.307557567089447,5.36009277625723,791949200.0,AAPL,5.261627197265625,-0.031616523737567855,0.011956209795577433,-0.014881715010630181,0.02562467207372854,0.02560170526025418,-0.04265372005520951,0.022636931707845198,-0.04235854551682072,0.008630251800852529,0.02029915982084857
2008-06-20,5.261627197265625,5.433642432804915,5.253521578454508,5.384108897249637,888367200.0,AAPL,5.198284149169922,-0.012111732180748397,-0.03161652373756785,0.011956209795577433,-0.014881715010630181,0.02562467207372854,-0.0051496131146673285,-0.020209817577993006,-0.006418246854352994,0.003336869676272425,0.021513471527564283
2008-06-23,5.198284149169922,5.279938737784384,5.150251660985574,5.2457154196080085,645780800.0,AAPL,5.200984001159668,0.0005192388563072363,-0.012111732180748458,-0.03161652373756785,0.011956209795577433,-0.014881715010630181,0.02560170526025418,-0.021948328869541234,0.023003660367111323,-0.0042058178119281035,0.02091857638787955
2008-06-24,5.200984001159668,5.276934612956018,5.152351512810238,5.1745661008044594,621947200.0,AAPL,5.325268268585205,0.023615250725839882,0.0005192388563073358,-0.012111732180748458,-0.03161652373756785,0.011956209795577433,0.02562467207372854,0.021948328869541234,0.028620235025219376,-0.009226904455412344,0.01963984556956801
2008-06-25,5.325268268585205,5.368497422236055,5.219897657474512,5.241812041510896,644450800.0,AAPL,5.051185607910156,-0.05284009982774187,0.02361525072583981,0.0005192388563073358,-0.012111732180748458,-0.03161652373756785,-0.014881715010630181,-0.02636271820578928,0.003106095174643997,-0.0015275113081183456,0.020527417110295376
2008-06-26,5.051185607910156,5.248718111225954,5.0436804060770974,5.22560249039198,869610000.0,AAPL,5.106119632720947,0.010816758800776437,-0.05284009982774185,0.02361525072583981,0.0005192388563073358,-0.012111732180748458,0.011956209795577433,-0.04265372005520951,-0.0017125907629071957,-0.014486773232782201,0.023389778664192264
2008-06-27,5.106119632720947,5.120529211385328,4.927800144821625,4.998647607332154,1042249600.0,AAPL,5.026568412780762,-0.015702221184935854,0.010816758800776372,-0.05284009982774185,0.02361525072583981,0.0005192388563073358,-0.03161652373756785,-0.0051496131146673285,0.010973826260333164,-0.006000116725113358,0.023384089065618834
2008-06-30,5.026568412780762,5.163460073180169,5.001951754194989,5.109123620116053,684196800.0,AAPL,5.243913173675537,0.04233048130263098,-0.015702221184935805,0.010816758800776372,-0.05284009982774185,0.02361525072583981,-0.012111732180748458,0.02560170526025418,-0.014139023774797588,-0.006718214525950827,0.023418110559632596
2008-07-01,5.243913173675537,5.2451140056923,4.923298640623282,4.930203023907912,1111280800.0,AAPL,5.048784255981445,-0.03792053557967355,0.04233048130263084,-0.015702221184935805,0.010816758800776372,-0.05284009982774185,0.0005192388563073358,0.02562467207372854,-0.003930385022211658,0.0016440339633138734,0.02572931625622354
2008-07-02,5.048784255981445,5.327070321290881,5.048784255981445,5.259525109220106,837519200.0,AAPL,5.107022285461426,0.01146903845030476,-0.03792053557967345,0.04233048130263084,-0.015702221184935805,0.010816758800776372,0.02361525072583981,-0.014881715010630181,-0.0009713127467148031,-0.01066312329778878,0.026879111510673726
2008-07-03,5.107022285461426,5.168564133797519,4.975834574724726,5.091112060510101,523362000.0,AAPL,5.258323192596436,0.02919567988459806,0.01146903845030467,-0.03792053557967345,0.04233048130263084,-0.015702221184935805,-0.05284009982774185,0.011956209795577433,0.022636931707845198,0.0021987043578205246,0.02639030757969109
2008-07-07,5.258323192596436,5.317462571073312,5.1604581808067005,5.198283590844178,820391600.0,AAPL,5.390110492706299,0.02475369303574648,0.029195679884598036,0.01146903845030467,-0.03792053557967345,0.04233048130263084,0.010816758800776372,-0.03161652373756785,-0.020209817577993006,0.005874488574584858,0.02722770365388022
2008-07-08,5.390110492706299,5.394613612123766,5.185673680893624,5.265527395316599,888350400.0,AAPL,5.23100471496582,-0.02996251854641808,0.024753693035746593,0.029195679884598036,0.01146903845030467,-0.03792053557967345,-0.015702221184935805,-0.012111732180748458,-0.021948328869541234,0.013965671418721338,0.02750976480682099
2008-07-09,5.23100471496582,5.430938439251457,5.22770282767804,5.409624071420724,895776000.0,AAPL,5.302453994750977,0.01356636553709127,-0.02996251854641807,0.024753693035746593,0.029195679884598036,0.01146903845030467,0.04233048130263084,0.0005192388563073358,0.021948328869541234,-0.0004929285510884452,0.027721380346902687
2008-07-10,5.302453994750977,5.323767967304508,5.144548148293824,5.251119614308942,840688800.0,AAPL,5.180872917175293,-0.02319617237268507,0.01356636553709123,-0.02996251854641807,0.024753693035746593,0.029195679884598036,-0.03792053557967345,0.02361525072583981,-0.02636271820578928,0.009804451672264491,0.027398795651022743
2008-07-11,5.180872917175293,5.316864395714649,5.133441635418122,5.267631865159825,930011600.0,AAPL,5.2198991775512695,0.007504528159433614,-0.02319617237268501,0.01356636553709123,-0.02996251854641807,0.024753693035746593,0.01146903845030467,-0.05284009982774185,-0.04265372005520951,0.0028714095076665556,0.026165957420654466
2008-07-14,5.2198991775512695,5.382607965140095,5.195883330362104,5.380807518102916,886054400.0,AAPL,5.092610359191895,-0.02468754725241023,0.007504528159433477,-0.02319617237268501,0.01356636553709123,-0.02996251854641807,0.029195679884598036,0.010816758800776372,-0.0051496131146673285,-0.0014668208373663561,0.026192865587858355
2008-07-15,5.092610359191895,5.215693207354275,4.99504558625032,5.1778678092652175,1040043200.0,AAPL,5.187775135040283,0.018514382420145796,-0.02468754725241018,0.007504528159433477,-0.02319617237268501,0.01356636553709123,0.024753693035746593,-0.015702221184935805,0.02560170526025418,-0.01135506889499771,0.026063382241843756
2008-07-16,5.187775135040283,5.191377229761462,5.061390789922124,5.10942205963532,747790400.0,AAPL,5.157756328582764,-0.005803257340677807,0.018514382420145692,-0.02468754725241018,0.007504528159433477,-0.02319617237268501,-0.02996251854641807,0.04233048130263084,0.02562467207372854,-0.0016596887016849583,0.025711735251655616
2008-07-17,5.157756328582764,5.252920678311335,5.145147590333597,5.226502369598795,757526000.0,AAPL,4.957822322845459,-0.0395350683760149,-0.005803257340677659,0.018514382420145692,-0.02468754725241018,0.007504528159433477,0.01356636553709123,-0.03792053557967345,-0.014881715010630181,-0.005533613277238736,0.025560100799250123
2008-07-18,4.957822322845459,5.092913546132663,4.953319602718685,5.058990035061826,868414400.0,AAPL,4.992047786712647,0.006879607166383112,-0.03953506837601495,-0.005803257340677659,0.018514382420145692,-0.02468754725241018,-0.02319617237268501,0.01146903845030467,0.011956209795577433,-0.008801392477904724,0.026652401078804178
2008-07-21,4.992047786712647,5.028371772543904,4.836843370612315,5.010359282494065,1360469600.0,AAPL,4.863857746124268,-0.026014305717700803,0.006879607166383028,-0.03953506837601495,-0.005803257340677659,0.018514382420145692,0.007504528159433477,0.029195679884598036,-0.03161652373756785,-0.008926376676514813,0.025976657794373918
2008-07-22,4.863857746124268,4.886072330814413,4.398845693449001,4.47299584803324,1879592400.0,AAPL,4.991146087646484,0.025833662312401362,-0.026014305717700914,0.006879607166383028,-0.03953506837601495,-0.005803257340677659,-0.02468754725241018,0.024753693035746593,-0.012111732180748458,-0.00919172836957296,0.026425879308680015
2008-07-23,4.991146087646484,5.054488399189989,4.8500514744648,4.9530204571448255,1061768400.0,AAPL,4.774100303649902,-0.044460022178806534,0.025833662312401362,-0.026014305717700914,0.006879607166383028,-0.03953506837601495,0.018514382420145692,-0.02996251854641807,0.0005192388563073358,-0.007727872391121826,0.027214174820608634
2008-07-24,4.774100303649902,4.961125537500575,4.756688634989361,4.932905976631487,839619200.0,AAPL,4.866861820220947,0.019243801191609535,-0.04446002217880651,0.025833662312401362,-0.026014305717700914,0.006879607166383028,-0.005803257340677659,0.01356636553709123,0.02361525072583981,-0.015459225358747598,0.028077493135117298
2008-07-25,4.866861820220947,4.893279729650924,4.762691623667535,4.815226833644714,633637200.0,AAPL,4.635104656219482,-0.04879056097356267,0.0192438011916094,-0.04446002217880651,0.025833662312401362,-0.026014305717700914,-0.03953506837601495,-0.02319617237268501,-0.05284009982774185,-0.0037034514452227276,0.02624237346945197
2008-07-28,4.635104656219482,4.877366445190417,4.623696353990797,4.873463742074066,780712800.0,AAPL,4.715559005737305,0.017208689754916753,-0.0487905609735626,0.0192438011916094,-0.04446002217880651,0.025833662312401362,0.006879607166383028,0.007504528159433477,0.010816758800776372,-0.014837485073211854,0.028049640128594622
2008-07-29,4.715559005737305,4.786706691853127,4.612590076213501,4.665425076037666,684070800.0,AAPL,4.799615859985352,0.017668417472671984,0.01720868975491685,-0.0487905609735626,0.0192438011916094,-0.04446002217880651,-0.026014305717700914,-0.02468754725241018,-0.015702221184935805,-0.006192885978688301,0.028342641998980896
2008-07-30,4.799615859985352,4.817928147854282,4.6855396214273135,4.736573780889036,725183200.0,AAPL,4.771697998046875,-0.005833669551931432,0.017668417472672004,0.01720868975491685,-0.0487905609735626,0.0192438011916094,0.025833662312401362,0.018514382420145692,0.04233048130263084,-0.007825934946634172,0.02674949823999008
2008-07-31,4.771697998046875,4.869263210736831,4.712558614649564,4.729369864863617,637498400.0,AAPL,4.702952861785889,-0.014511636086602263,-0.005833669551931653,0.017668417472672004,0.01720868975491685,-0.0487905609735626,-0.04446002217880651,-0.005803257340677659,-0.03792053557967345,-0.00010066442125920006,0.02557119641498848
2008-08-01,4.702952861785889,4.802920568285712,4.67563472290817,4.800217893425427,544639200.0,AAPL,4.599982261657715,-0.02213813257684028,-0.01451163608660222,-0.005833669551931653,0.017668417472672004,0.01720868975491685,0.0192438011916094,-0.03953506837601495,0.01146903845030467,-0.006851751876901524,0.025466682069879835
2008-08-04,4.599982261657715,4.740176606944254,4.590375604631997,4.701149963589064,592527600.0,AAPL,4.822432518005371,0.04722602521763146,-0.022138132576840164,-0.01451163608660222,-0.005833669551931653,0.017668417472672004,-0.0487905609735626,0.006879607166383028,0.029195679884598036,-0.0015212661975570363,0.024500605214362578
2008-08-05,4.822432518005371,4.8272354466170775,4.647715418341519,4.665727102056188,688371600.0,AAPL,4.92900276184082,0.021858215503980163,0.04722602521763153,-0.022138132576840164,-0.01451163608660222,-0.005833669551931653,0.01720868975491685,-0.026014305717700914,0.024753693035746593,0.004482200894985899,0.02645572732201104
2008-08-06,4.92900276184082,5.025366728810444,4.7431780089878215,4.802317384595715,791408800.0,AAPL,4.910390853881836,-0.0037831457677104056,0.02185821550398015,0.04722602521763153,-0.022138132576840164,-0.01451163608660222,0.017668417472672004,0.025833662312401362,-0.02996251854641807,0.005320160501247529,0.026478058279494624
2008-08-07,4.910390853881836,4.987842927650351,4.848248989874391,4.884572961543242,672372400.0,AAPL,5.08991003036499,0.0359066123628007,-0.0037831457677104385,0.02185821550398015,0.04722602521763153,-0.022138132576840164,-0.005833669551931653,-0.04446002217880651,0.01356636553709123,0.005730265258091771,0.02619030324375408
2008-08-08,5.08991003036499,5.092912511192421,4.915793397573092,4.919095685590339,713997200.0,AAPL,5.210291385650635,0.02337562770631945,0.03590661236280068,-0.0037831457677104385,0.02185821550398015,0.04722602521763153,-0.01451163608660222,0.0192438011916094,-0.02319617237268501,0.015813914947972352,0.02720611212740768
2008-08-11,5.210291385650635,5.298550546797023,5.093513261860803,5.105521583657461,891304400.0,AAPL,5.305454254150391,0.01809961360040271,0.023375627706319513,0.03590661236280068,-0.0037831457677104385,0.02185821550398015,-0.022138132576840164,-0.0487905609735626,0.007504528159433477,0.024916667004604286,0.027690867545145246
2008-08-12,5.305454254150391,5.382305087361825,5.208789294684341,5.209089502645598,836278800.0,AAPL,5.382606983184815,0.014437430223406315,0.01809961360040302,0.023375627706319513,0.03590661236280068,-0.0037831457677104385,0.04722602521763153,0.01720868975491685,-0.02468754725241018,0.019091384681158584,0.027341279209972362
2008-08-13,5.382606983184815,5.403621146250618,5.28053905003339,5.342981123120011,842346400.0,AAPL,5.38320779800415,0.0001116152993841601,0.014437430223406045,0.01809961360040302,0.023375627706319513,0.03590661236280068,0.02185821550398015,0.017668417472672004,0.018514382420145692,0.017607227625043763,0.027227003244775737
2008-08-14,5.38320779800415,5.417130506626847,5.338778208258569,5.353488002155337,711300800.0,AAPL,5.275733947753906,-0.020166634774030766,0.00011161529938430448,0.014437430223406045,0.01809961360040302,0.023375627706319513,-0.0037831457677104385,-0.005833669551931653,-0.005803257340677659,0.01838617983846271,0.027171640487437365
2008-08-15,5.275733947753906,5.3961141218622,5.25502000128001,5.374800160336612,708251600.0,AAPL,5.265228748321533,-0.0019932150816354523,-0.0201666347740308,0.00011161529938430448,0.014437430223406045,0.01809961360040302,0.03590661236280068,-0.01451163608660222,-0.03953506837601495,0.007171530411096416,0.02592470277720347
2008-08-18,5.265228748321533,5.337877092402692,5.21809688606906,5.27063209241271,552014400.0,AAPL,5.209390640258789,-0.010661702335060069,-0.0019932150816355243,-0.0201666347740308,0.00011161529938430448,0.014437430223406045,0.023375627706319513,-0.022138132576840164,0.006879607166383028,0.0020977618535054088,0.025932673248598527
2008-08-19,5.209390640258789,5.315661872638183,5.157755663331476,5.239710447321365,616204400.0,AAPL,5.278735637664795,0.013223717197210348,-0.010661702335060141,-0.0019932150816355243,-0.0201666347740308,0.00011161529938430448,0.01809961360040302,0.04722602521763153,-0.026014305717700914,-0.0036545013335872235,0.02525753016621014
2008-08-20,5.278735637664795,5.311757708597048,5.2117904711916605,5.246614190529512,506951200.0,AAPL,5.232207298278809,-0.008853371878290245,0.013223717197210272,-0.010661702335060141,-0.0019932150816355243,-0.0201666347740308,0.014437430223406045,0.02185821550398015,0.025833662312401362,-0.003897243938826378,0.024822522802643427
2008-08-21,5.232207298278809,5.267029833069383,5.160158960757923,5.237610242212705,539744800.0,AAPL,5.30725622177124,0.014241748044093281,-0.008853371878290162,0.013223717197210272,-0.010661702335060141,-0.0019932150816355243,0.00011161529938430448,-0.0037831457677104385,-0.04446002217880651,-0.0056902413743612715,0.022414539326887847
2008-08-22,5.30725622177124,5.328570188287979,5.270631246342012,5.278136446391394,439611200.0,AAPL,5.179970741271973,-0.024275574792404567,0.014241748044093505,-0.008853371878290162,0.013223717197210272,-0.010661702335060141,-0.0201666347740308,0.03590661236280068,0.0192438011916094,0.0011914351892635898,0.022269763580304223
2008-08-25,5.179970741271973,5.290445288497544,5.15325262832202,5.288042822715636,484425200.0,AAPL,5.2126946449279785,0.006297520527990995,-0.02427557479240461,0.014241748044093505,-0.008853371878290162,0.013223717197210272,-0.0019932150816355243,0.023375627706319513,-0.0487905609735626,-0.003265036752890227,0.01972078498432337
2008-08-26,5.2126946449279785,5.249919248589475,5.18177361003011,5.186276731735416,445550000.0,AAPL,5.243612766265869,0.005913791595845736,0.00629752052799093,-0.02427557479240461,0.014241748044093505,-0.008853371878290162,-0.010661702335060141,0.01809961360040302,0.01720868975491685,0.00012680781971998733,0.01953150269136462
2008-08-27,5.243612766265869,5.276335036666523,5.1691631881165545,5.202785681683791,477780800.0,AAPL,5.215693950653076,-0.00533857217813641,0.005913791595845597,0.00629752052799093,-0.02427557479240461,0.014241748044093505,0.013223717197210272,0.014437430223406045,0.017668417472672004,-0.0013351773005529477,0.01930614808623873
2008-08-28,5.215693950653076,5.291044549635329,5.185974162552674,5.261925177488944,431384800.0,AAPL,5.089311599731445,-0.0245295720144584,-0.005338572178136269,0.005913791595845597,0.00629752052799093,-0.02427557479240461,-0.008853371878290162,0.00011161529938430448,-0.005833669551931653,-0.0006322173605221692,0.019292616197586026
2008-08-29,5.089311599731445,5.208491407778312,5.07460180388647,5.192280571458148,599289600.0,AAPL,4.989043235778809,-0.01989842072078941,-0.02452957201445849,-0.005338572178136269,0.005913791595845597,0.00629752052799093,0.014241748044093505,-0.0201666347740308,-0.01451163608660222,-0.008386481372232569,0.019930299113246217
2008-09-02,4.989043235778809,5.208490505493296,4.953319280281651,5.175468422383424,780763200.0,AAPL,5.0121588706970215,0.004622579532701696,-0.01989842072078929,-0.02452957201445849,-0.005338572178136269,0.005913791595845597,-0.02427557479240461,-0.0019932150816355243,-0.022138132576840164,-0.007511050557909504,0.019781751396218995
2008-09-03,5.0121588706970215,5.063793856773123,4.923299687433553,5.008556373880758,734834800.0,AAPL,4.839842319488525,-0.03498459301572702,0.0046225795327015096,-0.01989842072078929,-0.02452957201445849,-0.005338572178136269,0.00629752052799093,-0.010661702335060141,0.04722602521763153,-0.007846038756967388,0.016984914100870212
2008-09-04,4.839842319488525,5.040677462057389,4.827534192380781,4.979135624083428,743386000.0,AAPL,4.808621883392334,-0.0064716092433874115,-0.03498459301572687,0.0046225795327015096,-0.01989842072078929,-0.02452957201445849,0.005913791595845597,0.013223717197210272,0.02185821550398015,-0.016025715679281884,0.0181878939954328
2008-09-05,4.808621883392334,4.875266861982856,4.732670856911782,4.760890411039848,786884000.0,AAPL,4.740778923034668,-0.014209080375905434,-0.006471609243387633,-0.03498459301572687,0.0046225795327015096,-0.01989842072078929,-0.005338572178136269,-0.008853371878290162,-0.0037831457677104385,-0.016252323092332155,0.018220131645134804
2008-09-08,4.740778923034668,4.950019613996994,4.546849249949755,4.940412952308883,1045979200.0,AAPL,4.553450584411621,-0.040316136214641134,-0.014209080375905403,-0.006471609243387633,-0.03498459301572687,0.0046225795327015096,-0.02452957201445849,0.014241748044093505,0.03590661236280068,-0.014188224764621537,0.01620520939932063
2008-09-09,4.553450584411621,4.802016788127152,4.496712877509402,4.7089547160333325,1245025600.0,AAPL,4.551350116729736,-0.00046139784671736446,-0.04031613621464114,-0.014209080375905403,-0.006471609243387633,-0.03498459301572687,-0.01989842072078929,-0.02427557479240461,0.023375627706319513,-0.018271767863391908,0.01687901350214688
2008-09-10,4.551350116729736,4.652818034581419,4.466994058035418,4.572664487850771,973142800.0,AAPL,4.582570552825928,0.0068361788572201135,-0.0004613978467173929,-0.04031613621464114,-0.014209080375905403,-0.006471609243387633,0.0046225795327015096,0.00629752052799093,0.01809961360040302,-0.01928856333927569,0.0159248261366803
2008-09-11,4.582570552825928,4.592777624925474,4.3829366398081975,4.4483803811994544,971135200.0,AAPL,4.471194744110107,-0.02460444328240423,0.00683617885722021,-0.0004613978467173929,-0.04031613621464114,-0.014209080375905403,-0.03498459301572687,0.005913791595845597,0.014437430223406045,-0.010924408964686272,0.01545327550491215
2008-09-12,4.471194744110107,4.530334504436201,4.397945611754199,4.530334504436201,793027200.0,AAPL,4.213624000549316,-0.059332568330713625,-0.024604443282404187,0.00683617885722021,-0.0004613978467173929,-0.04031613621464114,-0.006471609243387633,-0.005338572178136269,0.00011161529938430448,-0.014550975772489583,0.015751992191086164
2008-09-15,4.213624000549316,4.433671712680757,4.213624000549316,4.26375794811102,920634400.0,AAPL,4.199211597442627,-0.0034262923691593524,-0.05933256833071354,-0.024604443282404187,0.00683617885722021,-0.0004613978467173929,-0.014209080375905403,-0.02452957201445849,-0.0201666347740308,-0.023575673363451212,0.019227597234893347
2008-09-16,4.199211597442627,4.277864458134122,3.967156519400442,4.018490463228032,1199836400.0,AAPL,3.83747148513794,-0.0900831104713026,-0.003426292369159256,-0.05933256833071354,-0.024604443282404187,0.00683617885722021,-0.04031613621464114,-0.01989842072078929,-0.0019932150816355243,-0.016197704594354833,0.01919396626635896
2008-09-17,3.83747148513794,4.158086447854868,3.83747148513794,4.157485630980664,1200455200.0,AAPL,4.02539587020874,0.04780957657833315,-0.09008311047130269,-0.003426292369159256,-0.05933256833071354,-0.024604443282404187,-0.0004613978467173929,0.0046225795327015096,-0.010661702335060141,-0.034122047119271894,0.02604543836943981
2008-09-18,4.02539587020874,4.065622525624089,3.6228259016679782,3.919724695436474,1676253600.0,AAPL,4.230132579803467,0.049610076429054996,0.04780957657833307,-0.09008311047130269,-0.003426292369159256,-0.05933256833071354,0.00683617885722021,-0.03498459301572687,0.013223717197210272,-0.02592736757504932,0.029016443812679437
2008-09-19,4.230132579803467,4.328898976183583,4.0920401504253645,4.280866513156019,1430875600.0,AAPL,3.9341378211975098,-0.07254158260728893,0.04961007642905502,0.04780957657833307,-0.09008311047130269,-0.003426292369159256,-0.024604443282404187,-0.006471609243387633,-0.008853371878290162,-0.01108446363275748,0.03227654743362486
2008-09-22,3.9341378211975098,4.210323320927879,3.9224305043817895,4.201016867809176,856713200.0,AAPL,3.807751417160034,-0.03265291701164907,-0.07254158260728905,0.04961007642905502,0.04780957657833307,-0.09008311047130269,-0.05933256833071354,-0.014209080375905403,0.014241748044093505,-0.01372626648807258,0.034512856895487165
2008-09-23,3.807751417160034,4.0767313807413705,3.802347272176117,3.958152423457605,1280364400.0,AAPL,3.86388897895813,0.014635348092590806,-0.032652917011649185,-0.07254158260728905,0.04961007642905502,0.04780957657833307,-0.003426292369159256,-0.04031613621464114,-0.02427557479240461,-0.019571591416570566,0.034682170012104316
2008-09-24,3.86388897895813,3.931133967529145,3.757017336117858,3.8206598286986218,1047015200.0,AAPL,3.9605541229248047,0.024709761724809567,0.014635348092590927,-0.032652917011649185,-0.07254158260728905,0.04961007642905502,-0.09008311047130269,-0.0004613978467173929,0.00629752052799093,0.0013721002962081563,0.035005164699372614
2008-09-25,3.9605541229248047,4.046412019869226,3.8581855852594473,3.8966110122804314,1006045600.0,AAPL,3.849778890609741,-0.028368229868599448,0.024709761724809542,0.014635348092590927,-0.032652917011649185,-0.07254158260728905,0.04780957657833307,0.00683617885722021,0.005913791595845597,-0.0032478626744965487,0.035837791448424104
2008-09-26,3.849778890609741,3.896610132247676,3.6924735191056,3.74981163905078,1126451200.0,AAPL,3.15991759300232,-0.19746976654505574,-0.028368229868599437,0.024709761724809542,0.014635348092590927,-0.032652917011649185,0.04961007642905502,-0.024604443282404187,-0.005338572178136269,-0.01884352393402744,0.03591368499094438
2008-09-29,3.15991759300232,3.5928075540696778,3.019723448399964,3.591006305880931,2622057200.0,AAPL,3.412086248397827,0.07677795817449762,-0.19746976654505577,-0.028368229868599437,0.024709761724809542,0.014635348092590927,-0.07254158260728905,-0.05933256833071354,-0.02452957201445849,-0.04382916072158079,0.05436321106569436
2008-09-30,3.412086248397827,3.452312916522817,3.1911381784527,3.249676732298786,1626682400.0,AAPL,3.275794506072998,-0.04076347033000158,0.07677795817449784,-0.19746976654505577,-0.028368229868599437,0.024709761724809542,-0.032652917011649185,-0.003426292369159256,-0.01989842072078929,-0.02194298568435138,0.0588445636887806
2008-10-01,3.275794506072998,3.373059486131944,3.223859527877721,3.3598509363097464,1296484000.0,AAPL,3.005013942718506,-0.08627822912327687,-0.040763470330001716,0.07677795817449784,-0.19746976654505577,-0.028368229868599437,0.014635348092590927,-0.09008311047130269,0.0046225795327015096,-0.03302274936886991,0.05876087156004143
2008-10-02,3.005013942718506,3.265888534392109,3.002012262928989,3.242473107325269,1609364400.0,AAPL,2.914052724838257,-0.03073740657670068,-0.08627822912327687,-0.040763470330001716,0.07677795817449784,-0.19746976654505577,0.024709761724809542,0.04780957657833307,-0.03498459301572687,-0.05522034753848719,0.06048526095961948
2008-10-03,2.914052724838257,3.197141874410508,2.8414037866038027,3.122092274037705,2294398400.0,AAPL,2.946173906326294,0.010962546398225461,-0.030737406576700543,-0.08627822912327687,-0.040763470330001716,0.07677795817449784,-0.028368229868599437,0.04961007642905502,-0.006471609243387633,-0.05569418288010741,0.06036198974973081
2008-10-06,2.946173906326294,2.9653866166567493,2.627961049234525,2.76064977561943,2107417200.0,AAPL,2.6765944957733154,-0.0959620716845023,0.01096254639822547,-0.030737406576700543,-0.08627822912327687,-0.040763470330001716,-0.19746976654505577,-0.07254158260728905,-0.014209080375905403,-0.014007720291451165,0.06086014414764888
2008-10-07,2.6765944957733154,3.047042473253696,2.670290125674306,3.0164216478703896,1878772000.0,AAPL,2.6955065727233887,0.007040878359420831,-0.09596207168450244,0.01096254639822547,-0.030737406576700543,-0.08627822912327687,0.07677795817449784,-0.032652917011649185,-0.04031613621464114,-0.04855572626325122,0.06289366392676057
2008-10-08,2.6955065727233887,2.891837828875179,2.572123668700095,2.5790280530802536,2207741200.0,AAPL,2.6639857292175293,-0.011762758549151693,0.007040878359421021,-0.09596207168450244,0.01096254639822547,-0.030737406576700543,-0.040763470330001716,0.014635348092590927,-0.0004613978467173929,-0.038994856525366675,0.06307965687879757
2008-10-09,2.6639857292175293,2.8759278200007112,2.5997422033258646,2.802378645426389,1617383600.0,AAPL,2.9059479236602783,0.0869362489419744,-0.011762758549151653,0.007040878359421021,-0.09596207168450244,0.01096254639822547,-0.08627822912327687,0.024709761724809542,0.00683617885722021,-0.024091762410541628,0.06270308884906932
2008-10-10,2.9059479236602783,3.0020125066430654,2.5517099993679238,2.57272416447152,2219299600.0,AAPL,3.3100173473358154,0.1301937855567495,0.08693624894197427,-0.011762758549151653,0.007040878359421021,-0.09596207168450244,-0.030737406576700543,-0.028368229868599437,-0.024604443282404187,-0.0005570313068066657,0.06770007876637954
2008-10-13,3.3100173473358154,3.31812296307419,3.032631577277007,3.138602993797812,1539076000.0,AAPL,3.1244938373565674,-0.05768113223861352,0.13019378555674943,0.08693624894197427,-0.011762758549151653,0.007040878359421021,0.01096254639822547,-0.19746976654505577,-0.05933256833071354,0.023289216524898126,0.07500294161639874
2008-10-14,3.1244938373565674,3.49434171393365,3.096274482891749,3.490138801506097,1980994400.0,AAPL,2.9404704570770264,-0.060702710060773934,-0.057681132238613486,0.13019378555674943,0.08693624894197427,-0.011762758549151653,-0.09596207168450244,0.07677795817449784,-0.003426292369159256,0.030945404414075915,0.0756522621946246
2008-10-15,2.9404704570770264,3.2121531442772846,2.938669208688744,3.11728879866916,1584175600.0,AAPL,3.0587494373321533,0.03943656385839766,-0.06070271006077377,-0.057681132238613486,0.13019378555674943,0.08693624894197427,0.007040878359421021,-0.040763470330001716,-0.09008311047130269,0.01739668673003696,0.0743877745865813
2008-10-16,3.0587494373321533,3.10498046528617,2.75404534482904,2.9951063461376557,1980521200.0,AAPL,2.923958778381348,-0.04506770771384042,0.039436563858397555,-0.06070271006077377,-0.057681132238613486,0.13019378555674943,-0.011762758549151653,-0.08627822912327687,0.04780957657833307,0.0276365512115468,0.07404846713696252
2008-10-17,2.923958778381348,3.063252694382884,2.578427764413404,2.990003540750997,1762227600.0,AAPL,2.9551801681518555,0.010621175501833013,-0.04506770771384039,0.039436563858397555,-0.06070271006077377,-0.057681132238613486,0.08693624894197427,-0.030737406576700543,0.04961007642905502,0.0012357598803838688,0.0728018452476162
2008-10-20,2.9551801681518555,3.0029124474724584,2.8110841088626706,2.995407045660217,1549170000.0,AAPL,2.746540069580078,-0.07321765659045612,0.010621175501833058,-0.04506770771384039,0.039436563858397555,-0.06070271006077377,0.13019378555674943,0.01096254639822547,-0.07254158260728905,-0.022678762130599404,0.07192025879350036
2008-10-21,2.746540069580078,2.9389693898146287,2.736633205561954,2.9104500305742027,2193660000.0,AAPL,2.9080498218536377,0.05714072919271738,-0.07321765659045609,0.010621175501833058,-0.04506770771384039,0.039436563858397555,-0.057681132238613486,-0.09596207168450244,-0.032652917011649185,-0.025786067000967926,0.07302832855871877
2008-10-22,2.9080498218536377,3.039537584995126,2.789770816534663,2.92305982858085,2248808800.0,AAPL,2.9488754272460938,0.013941194357829867,0.05714072919271751,-0.07321765659045609,0.010621175501833058,-0.04506770771384039,-0.06070271006077377,0.007040878359421021,0.014635348092590927,-0.0022173791502696715,0.07457908918337017
2008-10-23,2.9488754272460938,2.979496242231149,2.758848574248073,2.897241254835727,1675430400.0,AAPL,2.893338918685913,-0.01901271614560114,0.013941194357829811,0.05714072919271751,-0.07321765659045609,0.010621175501833058,0.039436563858397555,-0.011762758549151653,0.024709761724809542,-0.007316453050383221,0.07432174834930737
2008-10-24,2.893338918685913,2.938969738560569,2.7051124881236044,2.7117166641076063,1590058400.0,AAPL,2.7645533084869385,-0.04553210058461968,-0.019012716145601072,0.013941194357829811,0.05714072919271751,-0.07321765659045609,-0.04506770771384039,0.08693624894197427,-0.028368229868599437,-0.0021054547367353573,0.07426092837941393
2008-10-27,2.7645533084869385,2.930864578326393,2.757648121767073,2.8540127119309684,1208771200.0,AAPL,2.9993093013763428,0.08150295944683562,-0.04553210058461987,-0.019012716145601072,0.013941194357829811,0.05714072919271751,0.010621175501833058,0.13019378555674943,-0.19746976654505577,-0.013336109954025944,0.06114824254387054
2008-10-28,2.9993093013763428,3.017021774449524,2.7729582726190647,2.8648193188035056,1634133200.0,AAPL,3.1386032104492188,0.04539583422818324,0.08150295944683572,-0.04553210058461987,-0.019012716145601072,0.013941194357829811,-0.07321765659045609,-0.057681132238613486,0.07677795817449784,0.01760801325343242,0.0614958118516718
2008-10-29,3.1386032104492188,3.288403400648766,3.0002105238571586,3.0278288592486584,1950978400.0,AAPL,3.333432912826538,0.060224814213599306,0.045395834228183274,0.08150295944683572,-0.04553210058461987,-0.019012716145601072,0.05714072919271751,-0.06070271006077377,-0.040763470330001716,0.015259034260525573,0.06198126493164448
2008-10-30,3.333432912826538,3.3679564303149423,3.2304639787669496,3.2490764730387705,1638089600.0,AAPL,3.22986364364624,-0.03156275697362027,0.060224814213599265,0.045395834228183274,0.08150295944683572,-0.04553210058461987,0.013941194357829811,0.039436563858397555,-0.08627822912327687,0.024515758231679462,0.060143942648989084
2008-10-31,3.22986364364624,3.325628183733372,3.15631449364296,3.2241596921382243,1659756000.0,AAPL,3.2109525203704834,-0.005872292311447565,-0.03156275697362032,0.060224814213599265,0.045395834228183274,0.08150295944683572,-0.019012716145601072,-0.04506770771384039,-0.030737406576700543,0.022005750066075615,0.06017016610264786
2008-11-03,3.2109525203704834,3.275196056377563,3.1479102176619858,3.180031685056592,1057938000.0,AAPL,3.331932544708252,0.036984850971656116,-0.005872292311447591,-0.03156275697362032,0.060224814213599265,0.045395834228183274,-0.04553210058461987,0.010621175501833058,0.01096254639822547,0.02993771172071007,0.06020224115666831
2008-11-04,3.331932544708252,3.3559483824110763,3.202245498028396,3.301911945956246,1398681200.0,AAPL,3.1010782718658447,-0.07180259876773061,0.03698485097165638,-0.005872292311447591,-0.03156275697362032,0.060224814213599265,0.08150295944683572,-0.07321765659045609,-0.09596207168450244,0.0210340900256742,0.055721656851410444
2008-11-05,3.1010782718658447,3.2938068210334857,3.0917716223341385,3.269490972121353,1256455200.0,AAPL,2.974993228912353,-0.04150811764738528,-0.07180259876773065,0.03698485097165638,-0.005872292311447591,-0.03156275697362032,0.045395834228183274,0.05714072919271751,0.007040878359421021,-0.002405596573508584,0.05872106735468223
2008-11-06,2.974993228912353,3.0854667626096632,2.941970951389779,3.033532584243826,1319074400.0,AAPL,2.9491753578186035,-0.008716171448445135,-0.04150811764738549,-0.07180259876773065,0.03698485097165638,-0.005872292311447591,0.060224814213599265,0.013941194357829811,-0.011762758549151653,-0.022752182945705534,0.059591749399769536
2008-11-07,2.9491753578186035,2.9975078422062693,2.873524747949145,2.979196156835377,1095253600.0,AAPL,2.878329277038574,-0.024315577872390023,-0.008716171448445165,-0.04150811764738549,-0.07180259876773065,0.03698485097165638,-0.03156275697362032,-0.019012716145601072,0.08693624894197427,-0.018182865840670505,0.05647035772510695
2008-11-10,2.878329277038574,3.014019919428866,2.836901364498204,3.0071155345467027,1123822000.0,AAPL,2.8450067043304443,-0.011644589571890606,-0.024315577872390026,-0.008716171448445165,-0.04150811764738549,-0.07180259876773065,-0.005872292311447591,-0.04553210058461987,0.13019378555674943,-0.02187152295285899,0.04771871573440936
2008-11-11,2.8450067043304443,2.9170546309037144,2.7696560884580523,2.846206935289937,1224538000.0,AAPL,2.705411911010742,-0.050311245763064956,-0.011644589571890407,-0.024315577872390026,-0.008716171448445165,-0.04150811764738549,0.03698485097165638,0.08150295944683572,-0.057681132238613486,-0.031597411061568347,0.046231845061725126
2008-11-12,2.705411911010742,2.7990749943993563,2.702110224544159,2.774758349131025,1178976400.0,AAPL,2.895139217376709,0.06777902042923152,-0.050311245763065116,-0.011644589571890407,-0.024315577872390026,-0.008716171448445165,-0.07180259876773065,0.045395834228183274,-0.06070271006077377,-0.02729914046063524,0.045623554014224556
2008-11-13,2.895139217376709,2.895139217376709,2.5823295821373438,2.697906824474656,1854087200.0,AAPL,2.709015369415283,-0.06644796222124953,0.06777902042923156,-0.050311245763065116,-0.011644589571890407,-0.024315577872390026,-0.04150811764738549,0.060224814213599265,0.039436563858397555,-0.0054417128453118305,0.047452685340206156
